model,term,coefficient,standard_error,p_value,ci_low_coef,ci_high_coef,odds_ratio,ci_low_or,ci_high_or,is_contact_term
glm_main,const,-2.9039572442038217,0.1340896391605293,5.240183649929691e-104,-3.166768107658431,-2.6411463807492126,0.054805909995837815,0.0421395686128226,0.07127950924390543,False
glm_main,bin__contact_binary,0.7684834020799693,0.0730216210714011,6.69311557775895e-26,0.625363654687292,0.9116031494726466,2.156493239327478,1.8689254773794755,2.488308467914833,True
glm_main,num__age,-0.017496163112473984,0.024063164174513416,0.4671688622889859,-0.06465909824859478,0.029666772023646808,0.9826560059984117,0.9373869657732226,1.0301112148793805,False
glm_main,num__previous,0.06747678444217584,0.015637037499919206,1.5946584535900714e-05,0.036828754117431944,0.09812481476691973,1.069805423179945,1.0375153353953535,1.1031004597431873,False
glm_main,num__emp.var.rate,-2.3830943633608808,0.21202190275531063,2.598237298639278e-29,-2.798649656694943,-1.9675390700268183,0.09226463502739844,0.060892232552483695,0.13980047240675228,False
glm_main,num__cons.price.idx,1.2845960806546028,0.13867042725952214,1.97536881091054e-20,1.012807037505158,1.5563851238040476,3.613208217730696,2.753318847094625,4.7416497506102155,False
glm_main,num__cons.conf.idx,0.18224841476394452,0.03479896245822926,1.6304905023970375e-07,0.11404370164645374,0.2504531278814353,1.1999122327737635,1.1208011046675177,1.2846073762456074,False
glm_main,num__euribor3m,0.3087592285342698,0.21650539074297773,0.15383829132609947,-0.11558353978073815,0.7331019968492778,1.3617344642268814,0.8908461480365523,2.0815274951238685,False
glm_main,num__nr.employed,0.5134944903997866,0.2143683722916374,0.016602983487286005,0.09334020128370318,0.9336487795158699,1.6711207187146464,1.0978351566748548,2.5437739350375463,False
glm_main,cat__job_blue-collar,-0.15931314618073716,0.07533937180105336,0.03446347558688526,-0.3069756015286743,-0.011650690832800015,0.8527292882354102,0.735668549876308,0.9884169156568245,False
glm_main,cat__job_entrepreneur,-0.06241583582040072,0.1184150293781548,0.5981284050647259,-0.2945050286298366,0.16967335698903513,0.9394921310705231,0.744900200504812,1.1849177430013742,False
glm_main,cat__job_housemaid,-0.05365692833670012,0.13813847093725212,0.6976989070393353,-0.32440335625314726,0.21708949957974705,0.9477571993723269,0.7229585736991357,1.2424552963886517,False
glm_main,cat__job_management,-0.017976949548310965,0.08171297072081408,0.8258702398241523,-0.17813142923088252,0.14217753013426057,0.9821836718746525,0.8368324320179615,1.1527812837880898,False
glm_main,cat__job_retired,0.32446818598440713,0.10212197881041646,0.0014867314509408353,0.12431278548602831,0.524623586482786,1.3832947947705454,1.1323700045146021,1.689822656561379,False
glm_main,cat__job_self-employed,-0.0877646616130751,0.11384073991284155,0.4407410301855669,-0.310888411815636,0.1353590885894858,0.9159764157721739,0.7327956426424171,1.1449478482505826,False
glm_main,cat__job_services,-0.17726338854736395,0.08339515286399425,0.03353792706175888,-0.340714884646005,-0.013811892448722884,0.8375591519798555,0.7112616709227426,0.9862830541045876,False
glm_main,cat__job_student,0.14856422192649618,0.10877413499116044,0.17200027913038163,-0.06462916510567634,0.3617576089586687,1.1601673035612414,0.9374150251311892,1.43585086239064,False
glm_main,cat__job_technician,-0.001018418225109726,0.06810423386097575,0.9880690252455863,-0.13450026378731542,0.13246342733709596,0.9989821001867293,0.8741526482861613,1.1416372626109073,False
glm_main,cat__job_unemployed,0.020992810976364126,0.12102164300256389,0.8622872897263292,-0.21620525065852494,0.2581908726112532,1.0212147100744513,0.8055699411429533,1.2945858960338,False
glm_main,cat__job_unknown,0.032848456627037295,0.21861821264535616,0.8805635173403508,-0.3956353665223798,0.46133227977645436,1.0333939233738096,0.6732521414554947,1.5861858211950577,False
glm_main,cat__marital_married,0.07318945722866872,0.06643170605275037,0.27058133732236256,-0.05701429406627352,0.20339320852361098,1.0759343611483991,0.9445805673727937,1.2255542719024994,False
glm_main,cat__marital_single,0.1518501993114713,0.07555558631546674,0.04445434807074736,0.003763971302349123,0.2999364273205935,1.163985857488506,1.0037710639383657,1.3497729961624447,False
glm_main,cat__marital_unknown,0.5009066766496807,0.3745159221707905,0.1810667719308503,-0.23313104244187466,1.234944395741236,1.6502168056589648,0.7920497745868813,3.4381873375314793,False
glm_main,cat__education_basic.6y,0.15376297279083637,0.11208403039927493,0.1701087612989839,-0.06591769003383507,0.3734436356155078,1.1662144294642787,0.9362079203625824,1.4527286790779972,False
glm_main,cat__education_basic.9y,-0.06188145664889677,0.0905778351200237,0.4944896822027852,-0.23941075128175046,0.11564783798395692,0.9399943102622591,0.7870915171163771,1.1226004652706416,False
glm_main,cat__education_high.school,0.02806717705784016,0.08720382149060649,0.7475608852164892,-0.14284917237800854,0.19898352649368883,1.028464771338302,0.8668848092099294,1.2201618653901198,False
glm_main,cat__education_illiterate,0.893831649134122,0.688872743643092,0.1944495895090249,-0.4563341183376317,2.243997416605876,2.444478112283473,0.6336021036469138,9.430955495632178,False
glm_main,cat__education_professional.course,0.045731051751021864,0.09598442372366879,0.6337592149528706,-0.14239496182420092,0.23385706532624462,1.0467928399932667,0.8672786468750491,1.2634638865022576,False
glm_main,cat__education_university.degree,0.11170619979401691,0.08700430328040945,0.19917141767461943,-0.058819101135585694,0.2822315007236195,1.118184289605676,0.9428773191668024,1.3260856742485243,False
glm_main,cat__education_unknown,0.08235780984128464,0.11424749094434904,0.47098831166267174,-0.14156315773370542,0.30627877741627474,1.0858442660931782,0.8680003529185264,1.3583609341206149,False
glm_main,cat__housing_unknown,-0.012618727190570736,0.06452498377329927,0.8449518856235446,-0.1390853714892687,0.11384791710812724,0.9874605551164036,0.8701537389666062,1.1205816906203245,False
glm_main,cat__housing_yes,-0.05414864898914976,0.03951889478912427,0.17062558901707348,-0.13160425948466095,0.02330696150636142,0.9472912821438373,0.8766878673475569,1.0235806911993715,False
glm_main,cat__loan_unknown,-0.012618727190568068,0.06452498377329917,0.8449518856235767,-0.13908537148926584,0.1138479171081297,0.9874605551164063,0.8701537389666086,1.1205816906203272,False
glm_main,cat__loan_yes,0.01993975163529622,0.053901225571089166,0.7114336627633178,-0.08570470920660794,0.1255842124772004,1.0201398764159102,0.9178652283582107,1.1338106459434647,False
glm_main,cat__month_aug,0.5544230902351676,0.11665546177825988,2.0076337843172285e-06,0.32578258654988934,0.7830635939204458,1.7409363318351072,1.385114193678557,2.1881656583521005,False
glm_main,cat__month_dec,0.5916868327707572,0.20325562609005351,0.003602189641243999,0.19331312597911254,0.9900605395624018,1.8070340101573772,1.2132626380978881,2.6913974034383776,False
glm_main,cat__month_jul,0.10814954524569392,0.09085200863315453,0.23389217868464185,-0.06991711959841101,0.28621621008979886,1.1142143583880468,0.9324711002826512,1.331380281985973,False
glm_main,cat__month_jun,-0.640756927416591,0.12123448639192015,1.2551986316185014e-07,-0.8783721544289658,-0.40314170040421615,0.5268934529658519,0.4154586640683459,0.6682174059381476,False
glm_main,cat__month_mar,1.5421543969528826,0.14277153354966324,3.384274693110733e-27,1.2623273331779905,1.8219814607277747,4.674650483008305,3.5336358728575203,6.184099868959783,False
glm_main,cat__month_may,-0.4109569569245022,0.07908466081105556,2.0316512845074016e-07,-0.5659600438437373,-0.25595387000526704,0.6630154692114472,0.5678147579380992,0.7741776807808819,False
glm_main,cat__month_nov,-0.36096403138583766,0.11558836600064831,0.0017911478264522958,-0.5875130657789425,-0.13441499699273288,0.6970040682864085,0.5557075758637946,0.874227187658278,False
glm_main,cat__month_oct,0.09980468598678155,0.1471145116157774,0.49750862435253895,-0.1885344583833416,0.3881438303569047,1.1049550837867625,0.8281719654798997,1.4742418097655885,False
glm_main,cat__month_sep,0.34567837771292054,0.17180745964798882,0.04421885167968649,0.008941944527543821,0.6824148108982973,1.4129481071297934,1.0089820431442647,1.9786500334736055,False
